email,packId,name,paymentId,amount,timestamp
alikamran0103@gmail.com,jkpsi-telecom,Kamran Ali,pay_SuGnQvtEqSuIBi,&#8377;000,2026-05-27T05:17:26.662Z
alikamran0103@gmail.com,jkpsi-telecom,Kam4U,pay_Sui6Cmc6EXCxdU,&#8377;000,2026-05-28T07:59:59.130Z
alikamran0103@gmail.com,jkpsi-telecom,Kay4M,pay_Sv5W4eXDQZfY5T,&#8377;000,2026-05-29T06:54:26.428Z
alikamran0103@gmail.com,jkpsi-telecom,Kay4M,pay_SvHozH8xSSal5z,&#8377;000,2026-05-29T18:56:39.034Z
lau512311@gmail.com,jkpsi-telecom,Rohit,pay_SvrwYRPoExYMek,&#8377;300,2026-05-31T06:17:03.675Z
kamuraza09@gmail.com,jkpsi-telecom,Kamran,pay_SwETOfrm68Auki,&#8377;300,2026-06-01T04:19:05.341Z
itehad123@gmail.com,jkpsi-telecom,Itehad Ali,pay_Swdruo2UaoL77t,Rs.299,2026-06-02T05:09:37.872Z
itrenusharma21@gmail.com,jkpsi-telecom,RENU Sharma,pay_SzEvZWQxyOTENX,Rs.299,2026-06-08T18:42:53.730Z
iampriya.ch444@gmail.com,jkpsi-telecom,Priya Choudhary,pay_T0BVWyL2YGmC0u,Rs.299,2026-06-11T04:01:04.016Z
murtazaaziz519@gmail.com,jkpsi-telecom,Murtaza,pay_T1uwSM9l0jbaNO,Rs.299,2026-06-15T13:06:38.356Z
prachirajput0189@gmail.com,jkpsi-telecom,Prachi Rajput,pay_T3XfrI0rUcshym,Rs.299,2026-06-19T15:39:56.959Z
rishb0831@gmail.com,jkpsi-telecom,Radha_Kri,pay_T3wadASFkN3w4M,Rs.249,2026-06-20T16:01:21.197Z
waqarmaqbool9143@gmail.com,jkpsi-telecom,Waqar,pay_T4YWTjqCYfcetU,Rs.349,2026-06-22T05:07:59.762Z
anmolbandral7@gmail.com,jkpsi-telecom,Manjeet,pay_T59JowXN5bqOdH,Rs.349,2026-06-23T17:07:52.997Z
muzamilpandit467@gmail.com,jkpsi-telecom,Muzamil Rafiq,pay_T6CvcyeMrnmrac,Rs.249,2026-06-26T09:18:33.144Z
itehad123@gmail.com,jkssb-faa,Itehad Ali,pay_T8uutY2SvOfajK,&#8377;1,2026-07-03T05:38:21.752Z
sharmasourav3636@gmail.com,jkpsi-telecom,Sourav Sharma,pay_T9J9b7196WDNAc,&#8377;249,2026-07-04T05:21:06.141Z
9086022050.rur@gmail.com,jkpsi-telecom,Naam nhi batau ga,pay_TAA9EGlfd62p4P,&#8377;249,2026-07-06T09:11:19.237Z
abishekchoudharyak@gmail.com,jkpsi-telecom,Abishek Choudhary,pay_TAFnALZ7WGWLyV,&#8377;249,2026-07-06T14:42:32.748Z
peerzada604@gmail.com,jkpsi-telecom,Faisal,pay_TC9ilNrPjtiVN8,&#8377;249,2026-07-11T10:04:03.754Z
suhailganaie201819@gmail.com,jkpsi-telecom,Suhail Ah,pay_TDGvQBHDj2VTau,&#8377;249,2026-07-14T05:46:12.378Z
bandralsantokh@gmail.com,jkpsi-telecom,Santokh Bandral,pay_TDLWtZFPo34UxY,&#8377;249,2026-07-14T10:16:22.182Z
vishaldotcom55@gmail.com,jkpsi-telecom,Max05,pay_TDLg4ey8OWJYxm,&#8377;249,2026-07-14T10:24:56.350Z
choudharysameer287@gmail.com,jkpsi-telecom,sameer Choudhary,pay_TDRJwqK9ctFWSj,&#8377;249,2026-07-14T15:56:53.884Z
bukhariadeena01@gmail.com,jkpsi-telecom,Syed Adeena Bukhari,pay_TFpz1ypyJ1NBo0,₹249,2026-07-20T17:21:59.353Z
ttejramsushma@gmail.com,jkpsi-telecom,Vishali bharti,pay_TKOPlI76YsIJ6G,₹249,2026-08-01T05:39:09.190Z
parassharma6954@gmail.com,jkpsi-telecom,para,pay_TLDG5YBF4BiWeO,₹249,2026-08-03T07:22:42.538Z
ahsaanahmad2020@gmail.com,jkpsi-telecom,AHSAAN AHMAD AHANGER,pay_TLZ82jn0OCmzqc,₹249,2026-08-04T04:46:20.875Z
shahzareenarather07@gmail.com,jkpsi-telecom,shahzareen,pay_TLeD3uxFbxreco,₹249,2026-08-04T09:44:35.322Z
aqidnazir11@gmail.com,jkpsi-telecom,Mohd Aslam,pay_TLeLZbJj92Zn83,₹249,2026-08-04T09:52:52.654Z
sa496625@gmail.com,jkpsi-telecom,Engineer-28,pay_TLevdfIwFD70D3,₹249,2026-08-04T10:26:45.872Z
maliktawseef512@gmail.com,jkpsi-telecom,Aadil,pay_TLl7OUF0edCavB,₹249,2026-08-04T16:30:37.289Z
vlk611205@gmail.com,jkssb-faa,Vishal Singh,pay_TLlRfWcWCtDjys,₹69,2026-08-04T16:49:44.447Z
bilal9596303059@gmail.com,jkssb-faa,Bilal,pay_TLzOoIeUZW1wPs,₹69,2026-08-05T06:28:34.952Z
nishantsharma3281@gmail.com,jkssb-faa,Nishant Sharma,pay_TM0px6jiamy3Rb,₹69,2026-08-05T07:52:38.851Z
karmabad961@gmail.com,jkssb-faa,Sarhil,pay_TM0qRKLDEyPL9J,₹69,2026-08-05T07:53:40.978Z
rainaishtayaq299@gmail.com,jkssb-faa,Raina Ishtayaq,pay_TMXfT9cSQ2uSLM,₹69,2026-08-06T16:00:02.278Z
gameoverindian@gmail.com,jkssb-faa,Shoaib,pay_TNA8Fqzebzw4nh,₹69,2026-08-08T05:37:44.296Z
manhasrahi164@gmail.com,jkpsi-telecom,Manhas,pay_TNVKE2YjR4KKre,₹249,2026-08-09T02:21:25.459Z
priyasharmajk123@gmail.com,jkpsi-telecom,Priya Sharma,pay_TNh17vKpAm1hZl,₹249,2026-08-09T13:47:46.707Z
haamidmushtaq88@gmail.com,jkpsi-telecom,Haamid Mushtaq,pay_TOMXGoiB9WU85Y,₹249,2026-08-11T06:24:13.620Z
faizanabhatt@gmail.com,jkssb-faa,Faizana Mushtaq,pay_TPdv1d3uDGoKlO,₹69,2026-08-14T12:03:30.941Z
bhattibassam425@gmail.com,jkpsi-telecom,Bassam Majid,pay_TPfm7RZZyc8l39,₹249,2026-08-14T13:52:26.671Z
shahidkkhan535@gmail.com,jkpsi-telecom,Sam,pay_TPghoZ6ioZEonq,₹249,2026-08-14T14:47:22.319Z
rishabkumar96221@gmail.com,jkssb-faa,Riii,pay_TQ1rQIjJ4JVQUn,₹69,2026-08-15T11:29:25.589Z
bhattibassam425@gmail.com,jkssb-faa,Bassam Majid,pay_TRJPSE9AaklKiW,₹69,2026-08-18T17:17:45.701Z
iqbalmaqbool33@gmail.com,jkpsi-telecom,Iqbal,pay_TRUvVJ3Kx0bkAC,₹249,2026-08-19T04:34:03.283Z
sanjaykumarskk.01@gmail.com,jkpsi-telecom,Sanjay kumar,pay_TSIo1eLTlhvTlP,₹249,2026-08-21T05:21:19.357Z
swermajidfarooq@gmail.com,jkpsi-telecom,Majid Farooq,pay_TSJOEcWbCnkQNn,₹249,2026-08-21T05:55:35.415Z
kotwalpankaj27@gmail.com,jkssb-faa,Pankaj Kotwal,pay_TTTOAX4UQ1iwgK,₹69,2026-08-24T04:21:42.670Z
sahilkumar199819@gmail.com,jkpsi-telecom,Sahil kumar Dabotra,pay_TTTU4inU2V0hcv,₹249,2026-08-24T04:27:15.384Z
irfanpir14@gmail.com,jkpsi-telecom,irfan amin,pay_TTTvirGiOhRpz8,₹249,2026-08-24T04:53:27.590Z
sareerwani978@gmail.com,jkpsi-telecom,Sareer Wani,pay_TUG2WwfywHjUrM,₹249,2026-08-26T03:58:36.551Z
aanishkumarfencer999@gmail.com,jkpsi-telecom,Aanish,pay_TULh1pl7Xos87w,₹249,2026-08-26T09:29:14.073Z
samitshowkat@gmail.com,jkpsi-telecom,samit showkat dar,pay_TVWnBeeSPYkR3O,₹249,2026-08-29T08:59:16.097Z
rainaakash1811@gmail.com,jkpsi-telecom,Akash Raina,pay_TVt5vkp2KVC380,₹249,2026-08-30T06:48:44.284Z
vishalbhat44@gmail.com,jkpsi-telecom,vishal bhat,pay_TVt6aeFePStP2H,₹249,2026-08-30T06:48:52.981Z
bazeelabhat123@gmail.com,jkssb-faa,Bazeela Bhat,pay_TWFXYSUOUx6YFA,₹69,2026-08-31T04:45:39.687Z
manhor458@gmail.com,jkssb-faa,Manhor Thakur,pay_TWPmn59mTg0Cvy,₹69,2026-08-31T14:47:25.725Z
aditya96221@gmail.com,jkpsi-telecom,Aditya Sharma,pay_TWnCGTp38c3t1G,₹249,2026-09-01T13:41:05.826Z
bardbirds@gmail.com,jkpsi-telecom,Zuuees,pay_TX32XAhx1qR6ns,₹249,2026-09-02T05:11:16.502Z
redchief8085@gmail.com,jkssb-faa,Zamin baba,pay_TXXTkpsg1txuw1,₹69,2026-09-03T10:57:43.287Z
tamanna64135@gmail.com,jkssb-faa,Tamanna Sharma,pay_TYkLUgfKpEiIyn,₹69,2026-09-06T12:11:45.334Z
wellwisher07779@gmail.com,jkpsi-telecom,Sahil Ashraf,pay_TZ7TFqN0OnT35u,₹249,2026-09-07T10:49:03.461Z
danyalbhat000@gmail.com,jkpsi-telecom,Danyal Bhat,pay_TZtZNy8paYFn6v,₹249,2026-09-09T09:52:07.862Z
mirwasim.h@gmail.com,jkpsi-telecom,wasim hassan,pay_Tabo4tzDUoyNlL,₹249,2026-09-11T05:08:34.103Z
khalidiqbal26@gmail.com,jkpsi-telecom,Khalid iqbal,pay_TaclZsFYHJ8fvW,₹249,2026-09-11T06:04:58.003Z
maazulhaq76@gmail.com,jkpsi-telecom,mmm,pay_Tcll1qgMnsUgkk,₹249,2026-09-16T16:10:37.794Z
owaistohe@gmail.com,jkpsi-telecom,owais tohed,pay_Tcm1cXuIPNNI4Q,₹249,2026-09-16T16:26:18.479Z
rajapogli70@gmail.com,jkpsi-telecom,SINDHU Thakur,pay_TdSQvJJICsBTPn,₹249,2026-09-18T09:56:53.320Z
manjeetparihar39@gmail.com,jkpsi-telecom,Manju,pay_TeXxMkxJngwvw5,₹249,2026-09-21T03:59:15.206Z