email,phone,name,exam,district,password,tier,purchased_packs,joined,password_hash,password_version,password_reset_tokeN,password_reset_expiry,password_salt
alikamran0103@gmail.com,918595856979,Kay4M,JKPSI Telecom,Jammu,sha256$63747d4c-b809-4519-b487-6b7aff611645$728e428d372aaf1cd3da90717803040e3a61aded5983557686669ad7afbf988e,premium,"jkpsi-telecom,Historyofjk,jkssb-faa",2026-05-29T18:49:48.076Z,,,,,
kamuraza09@gmail.com,918595856979,Kamran,JKSSB FAA,Jammu,sha256$7d13ea93-8c12-4f3e-a346-24d8eba60509$e3c1ba666c0440e21364fd992b250964c3b77953857701999424fd65b3f314f3,premium,jkpsi-telecom,2026-05-30T05:40:15.917Z,,,,,
itehad123@gmail.com,6005038596,Itehad Ali,JKSSB FAA,Udhampur,sha256$3b2c1976-7595-4c1e-a358-cd61808abe51$2b3db67e6a7301e2fa5532ce3419ef1e33b3b99f968829e1ad99dc2bca4063f1,premium,"jkpsi-telecom,jkssb-faa",2026-05-31T05:16:37.767Z,,,,,
himanshusworld2@gmail.com,916005705429,Ronak Sharma,JKPSI Telecom,Doda,Asmywish123,free,,2026-05-31T05:30:11.732Z,,,,,
rishav2897@gmail.com,9103601701,Rishav,JKPSI Executive,Jammu,sha256$8111aa7a-9465-4cb9-a85f-32446aa2f87b$6e7f148eeff381792d799c3540e586741b4d2c8e1a56faab992145524387ecdd,free,,2026-05-31T05:45:14.186Z,,,,,
bukhariadeena01@gmail.com,9103688400,Syed Adeena Bukhari,JKPSI Telecom,Srinagar,sha256$2fcc357c-d221-4931-8b1f-01122a88c699$fcac4fad75e131b1f7a1f937eb5aed534fd62c4ba29ed1d3ce544a143c2a6f07,premium,jkpsi-telecom,2026-05-31T05:54:39.537Z,,,,,
lau512311@gmail.com,6005028768,Rohit,JKPSI Telecom,Jammu,Bathinda1!,premium,jkpsi-telecom,2026-05-31T05:59:33.288Z,,,,,
furkanfarooq04@gmail.com,9149777542,Furkan Farooq,JKPSI Telecom,Pulwama,sha256$5f637eba-1707-401a-974f-29f56e426b89$d978bb6888396f532ccdeae0cd3a4fe23a2ef95bf43c8f620dbd427c81542e7b,free,,2026-05-31T07:47:19.431Z,,,,,
peerzada604@gmail.com,7780928739,Faisal,JKPSI Telecom,,sha256$5c7813d7-66e8-414d-a5e7-b352bddd558c$1a292d6e8ac5bcefb55e0082c25945f753a44f15be9dd333cb00b4fd1b9a4820,premium,jkpsi-telecom,2026-05-31T11:33:02.459Z,,,,,
murtazaaziz519@gmail.com,8825024647,Murtaza,JKPSI Telecom,Poonch,sha256$a23cfbb0-cab9-416a-96cc-62e2045e5494$aec917ac48525b25bd1d8b6f852cedf058adb9b23c9ab6a71cad8acfc976ef0e,premium,jkpsi-telecom,2026-05-31T12:29:33.707Z,,,,,
junaidrasoolmir@gmail.com,9682137998,Meer Junaid,JKPSI Telecom,Sxr,Ciqx7Bdb596gk3V,free,,2026-05-31T12:43:35.929Z,,,,,
test@gmail.com,9898889988,Test,JKPSI Telecom,jmu,kD9L6NV7HtBBDt8,free,,2026-05-31T18:12:05.813Z,,,,,
test1@gmail.com,6005039856,Test,JKSSB FAA,Rajouri,poklnmbhu,free,,2026-06-01T05:10:51.652Z,,,,,
shazadhafizsteno@gmail.com,8491902927,shazad hafiz,Other,Rajouri,Rajouri@123,free,,2026-06-01T05:14:14.561Z,,,,,
loneamir897@gmail.com,9541645667,Amir,JKSSB FAA,Pulwama,amir9541@,free,,2026-06-01T08:07:16.155Z,,,,,
lonefaisal409@gmail.com,918491977414,faiz,JKPSI Executive,bpr,Notes@123,free,,2026-06-01T09:40:47.347Z,,,,,
umir0721@gmail.com,9797799877,Umar Rashid,JKPSI Telecom,Shopian,sha256$94cd482b-c16d-4fa0-8078-9acf70138a1c$c178e5fb805b2f4a6ff2065391008e66b9aa53606e4bb86d05aaa17e99d23f5e,premium,jkpsi-telecom,2026-06-01T11:18:19.961Z,,,,,
anmolbandral7@gmail.com,7006557701,Manjeet,JKPSI Telecom,Doda,sha256$457bbb3e-d6c2-4d3d-bec8-24813371dc03$c5e65eb11f46056b5e7ba910d51ec9347e93a23ded2dc36e1237175f9368d8a0,premium,jkpsi-telecom,2026-06-01T14:08:10.615Z,,,,,
yilepin579@googxs.com,7788665544,aspirant,JKPSI Telecom,Srinagar,hello123@,free,,2026-06-01T15:03:49.961Z,,,,,
manhasrahi164@gmail.com,6006520780,Manhas,JKPSI Telecom,Baramulla,sha256$4502f77e-1df5-4165-969e-4c300f8fbf00$96a14505d6a711a24ee95fbcb43077e129daae090b3d4270194a51305338b93d,premium,jkpsi-telecom,2026-06-02T05:23:13.800Z,,,,,
sharmasourav3636@gmail.com,70069 40958,Sourav Sharma,JKPSI Telecom,Reasi,sha256$0a2d3677-62cd-4462-934f-0de7fb4d6b5b$fc03556e2bb5060558ea713d72222a7612728ff6e9836b25b62af951e9a31a50,premium,jkpsi-telecom,2026-06-02T09:15:37.787Z,,,,,
majidnazirn786@gmail.com,,MAJID NAZIR,JKPSI Telecom,,AHanger12@#,free,,2026-06-02T11:17:06.415Z,,,,,
abishekchoudharyak@gmail.com,8082380584,Abishek Choudhary,JKPSI Telecom,Jammu,sha256$3fc3bfac-e768-420e-b83c-efe08077ace1$3719695d122a66499bbe0ac0d755c38c3504ecbfb01d6ad1e9f0f9a992322e5f,premium,jkpsi-telecom,2026-06-02T11:17:31.056Z,,,,,
bandralsantokh@gmail.com,7051914830,Santokh Bandral,JKPSI Telecom,Ramban,sha256$df0efc65-c09c-405e-983b-1079f74890b6$23a9e16b477c8f2952f2bdc5cb765cd30450475d0f2533811e38457ae6580def,premium,jkpsi-telecom,2026-06-02T15:26:58.833Z,,,,,
aamircse5@gmail.com,7889727930,Aamir cse,JKPSI Telecom,Kupwara,Aamir@123,free,,2026-06-02T15:29:30.379Z,,,,,
sanjaykumarskk.01@gmail.com,7006451428,Sanjay kumar,JKPSI Telecom,Udhampur,sha256$63799470-1ddb-4587-b829-715b202768ed$44eb48cb288e7599b5805598f384e3256a7578038f604f499ac222ab7cc3ffd3,premium,jkpsi-telecom,2026-06-02T16:10:24.050Z,,,,,
mehreenshafi94@gmail.com,6006721211,Mehreen,JKSSB FAA,Kupwara,Economics@321,free,,2026-06-03T04:02:19.119Z,,,,,
avinashsharma091998@gmail.com,9596621997,AVINASH SHARMA,JKSSB FAA,Samba,avinash@123,free,,2026-06-03T05:02:11.844Z,,,,,
adilahmad167677@gmail.com,7889635931,Adil,JKPSI Executive,Kulgam,6543210.q,free,,2026-06-03T07:06:56.347Z,,,,,
mandeepkummar05@gmail.com,9149843305,Mandeep,JKPSI Executive,Jammu,54321qee,free,,2026-06-03T08:17:27.696Z,,,,,
ia5320103@gmail.com,919149497150,Irshad ahmed Chopan,JKPSI Telecom,Srinagar,Qwerty@123,free,,2026-06-03T09:40:33.909Z,,,,,
mirkupwara910@gmail.com,917006064058,Be A Genius,JKPSI Telecom,Kupwara,sha256$980ebba1-1de9-4e2f-b983-80270df43fbc$8b8869187cbe630e1d34b83ce882d53eebc5bc7d4e96845f454cf4235ffd6cc3,free,,2026-06-03T17:22:55.327Z,,,,,
muzamilpandit467@gmail.com,9906170268,Muzamil Rafiq,JKPSI Telecom,Srinagar,Muzamil@123,premium,jkpsi-telecom,2026-06-05T18:37:45.354Z,,,,,
itrenusharma21@gmail.com,7889763813,RENU Sharma,JKPSI Telecom,Kathua,sha256$e50b1793-e19a-4258-a341-ab58c91f2f0b$2060d1e406a043119133da4c68ede04705dc9711c0c70cf5bf715cb96f6820be,premium,jkpsi-telecom,2026-06-06T08:54:40.496Z,,,,,
iampriya.ch444@gmail.com,7006810313,Priya Choudhary,JKPSI Telecom,Kathua,sha256$fc6ce13d-d3cb-44ec-9c77-a6bebc010a4d$9f4fe5409321e82ccfd3c0275218bf26d3f5831415ed3805d05265cac17d75a8,premium,jkpsi-telecom,2026-06-08T16:54:27.502Z,,,,,
irfanchowdharyali@gmail.com,9149649765,irfan chowdhary,JKSSB FAA,Jammu,WMx3ubCWRfA3hGA,free,,2026-06-10T10:05:10.096Z,,,,,
inayathamid9205@gmail.com,9682510367,Wani Inayat,JKSSB FAA,Anantnag,wani123,free,,2026-06-10T10:14:25.255Z,,,,,
aqidnazir11@gmail.com,6006578928,Mohd Aslam,JKPSI Telecom,Ramban,sha256$a1ec955c-a18e-4bd6-96e9-09b55fa8ebbe$37dfe8b7d1e5a7fc325ea0213c46febe4f2a73e6415d0b98a016a3505c02e103,premium,jkpsi-telecom,2026-06-11T04:49:44.983Z,,,,,
ai.reviewing@gmail.com,9596887120,aspirant,JKSSB FAA,,cZnEYegtp28MMhC,free,,2026-06-11T05:16:37.906Z,,,,,
palakkesar381@gmail.com,7006828523,Palak,JKSSB FAA,Jammu,Arjun@123palak,free,,2026-06-11T06:55:14.899Z,,,,,
gazalarashid811@gmail.com,7889799339,Uzma,JKPSI Telecom,Anantnag,Momin@123,free,,2026-06-11T07:25:36.025Z,,,,,
adhikanshkohli02@gmail.com,917889812897,Adhikansh Kohli,JKSSB FAA,udhampur,Z4AswVAmgzG5EGm,free,,2026-06-12T09:47:13.618Z,,,,,
sahil21005@gmail.com,9103207220,Sahil,JKPSI Telecom,Jammu,sha256$9eb2250e-aa59-4638-8b54-76120ec641b4$4eaff113c262860f1006ead27f16d367c25fa957a701c6fac408c1dbd790d433,premium,jkpsi-telecom,2026-06-13T06:32:33.514Z,,,,,
sapnadevi1002@gmail.com,9149626081,Sapna,JKSSB FAA,Jammu,sapna1,free,,2026-06-14T13:58:06.198Z,,,,,
mohimk565@gmail.com,919541415162,Mohim Mahmood khan,JKPSI Telecom,Poonch,sha256$94a4660a-ec50-4376-840a-c7fa72474bf9$3104d27e0eff74ab0b739e7a2fb1a058608a67e5c204f08e3a90247126deb46b,premium,jkpsi-telecom,2026-06-15T05:14:01.950Z,,,,,
billu2298@gmail.com,9596303059,Sahil Ahmad Khan,JKSSB FAA,Baramulla,Mocktest,free,,2026-06-15T10:45:13.026Z,,,,,
shokitdar124@gmail.com,917051682774,Shokitdar,JKSSB FAA,Rajouri,shokit@4,free,,2026-06-16T04:45:05.911Z,,,,,
arshadishaqchouhan@gmail.com,8493934500,ARSHAD ISHAQ CHOUHAN,JKPSI Telecom,Doda,sha256$2db4a76c-fab8-46fb-96aa-5a1d0cf1296c$27bdc75a0d3aca59618b782eb3f2ee1cf596052b2176b44fcffa8f0b59ebc5f5,free,,2026-06-17T17:21:29.294Z,,,,,
9086022050.rur@gmail.com,9086022050,Naam nhi batau ga,JKPSI Telecom,Naa yeh b nhi,Yehtohbilkulnhi,premium,jkpsi-telecom,2026-06-18T17:51:41.978Z,,,,,
prachirajput0189@gmail.com,7051234439,Prachi Rajput,JKPSI Telecom,Jammu,sha256$d16860cd-f617-407c-a463-8cd054366f4e$0d938f76855f8adf1bb91ab3245e6aa49a00759af4dcf77d7a4400038f7ec837,premium,jkpsi-telecom,2026-06-19T15:35:48.931Z,,,,,
mycontact.arpit@gmail.com,916005102780,Arpit Gupta,JKPSI Telecom,Udhampur,@Arpit1998,free,,2026-06-19T21:25:17.756Z,,,,,
rishb0831@gmail.com,6005466513,Radha_Kri,JKPSI Telecom,,sha256$a203542f-bde0-4f89-9daa-cb087fb40d14$5ffddbc5ec3e05087cbc70654860e70f678bf92c0c80e03c0ea3054ba2aa9daf,premium,jkpsi-telecom,2026-06-20T11:50:31.396Z,,,,,
kamranaliraja7806@gmail.com,9858696966,Aamir,JKSSB FAA,Rajouri,kamuraza,free,,2026-06-20T11:57:55.505Z,,,,,
waqarmaqbool9143@gmail.com,9149619933,Waqar,JKPSI Telecom,Rajouri,sha256$a22aca86-1a49-415a-914c-f514ec883b41$af6b7e17a36eaa29ff2e99a4c177e3e40cfe8cd0d92a005a0aa8104b841e1cff,premium,jkpsi-telecom,2026-06-22T04:35:23.518Z,,,,,
pckd1030@gmail.com,,Karun,JKPSI Executive,Kathua,sha256$5195855e-8013-4184-8c89-186abfd998de$eccdd51964909a0399edeb534603b76e038ad23a85e4f15babd500eb71c5e87f,free,,2026-06-23T06:00:03.155Z,,,,,
pratham.palotra@gmail.com,916006036906,Pratham Sharma,JKPSI Telecom,Poonch,16p22v1622,free,,2026-06-23T18:17:49.221Z,,,,,
creatorboy881@gmail.com,,Creator,JKPSI Telecom,Ang,creator,free,,2026-06-24T06:24:30.230Z,,,,,
basitwani377@gmail.com,919055069899,BASIT WAKEEL,JKPSI Telecom,Anantnag,sha256$3affc385-6b7b-44c4-8066-2d2174a5a18b$bd5735561e3ef2daa0bc3bd6c3ce25d2f51cbc1d97da4b92b99ea1fd15162267,free,,2026-06-24T06:38:53.393Z,,,,,
rafiyaanwar1@gmail.com,8491983382,Rafiya Anwar,JKPSI Telecom,Anantnag,sha256$665d5859-596a-49e2-adb7-3946084a09ed$341349e3c9c4a7a5f08e891956b5d7fab48392fa15da48e4fb5db963cb7c5427,premium,jkpsi-telecom,2026-06-24T07:44:55.500Z,,,,,
choudharysameer287@gmail.com,8825014071,sameer Choudhary,JKPSI Telecom,Jammu,sha256$c10610cd-a5a4-4685-872e-60dab79e9fe1$a1deb64ad53ef162130ff3337052d676e36805e8cde026a5cfe37439fbc277a0,premium,jkpsi-telecom,2026-06-24T10:46:10.565Z,,,,,
nau.ti@yahoo.com,9055405575,akash gorka,JKPSI Telecom,Jammu,Toxic@123,free,,2026-06-27T09:12:10.987Z,,,,,
reshavmenia342@gmail.com,6006877936,Reshav menia,JKPSI Telecom,Jammu,Reshav@251,free,,2026-06-28T09:23:33.237Z,,,,,
sahilnirdosh8@gmail.com,9018797189,Sahil Nirdosh,JKPSI Telecom,Kathua,Sahil@321,free,,2026-07-01T16:11:00.135Z,,,,,
sukanya1901295@gmail.com,7006364561,Sharma Sharma,JKPSI Telecom,Kathua,sha256$de32a451-52f2-440b-b4cc-85848e700c3a$ccddc8439ec6ac83d3cc9c1deb3b3c8b87bd7a9becb773316413377045fc422f,free,,2026-07-02T05:15:56.860Z,,,,,
akshaishmansotra@gmail.com,9596564116,Akshay,JKPSI Telecom,Bandipora,sha256$bc5bfeb3-f082-4c57-9204-d4715fd3c7bd$cf991ca25a6e0be078cc8cb2d56cc38cf7fa8e4b3b27112efe1c78aabcf290fd,premium,jkpsi-telecom,2026-07-03T06:12:26.386Z,,,,,
kamuraza00@gmail.com,,Kamran Aly,JKPSI Telecom,,sha256$700d8b26-e862-484b-898f-647f6bd2acf7$906b6b2800cdfbe2dfc56b266c5b1a3ec802d7df4022f00edb7811bdcbf5ccad,free,,2026-07-03T07:49:06.421Z,,,,,
sharma2ronak@gmail.com,6005705429,Ronak Sharma,JKPSI Executive,Doda,Asmywish123,free,,2026-07-07T11:41:19.678Z,,,,,
mohitchoudhary2417@gmail.com,,Mohit Choudhary,JKPSI Telecom,,sha256$d0ae8857-2d35-4828-98ca-2b9bdda4ea58$28b3d1f73a479d19d86db003d0f475436578c587ae3ffbf67fcb442cc5fd2fab,free,,2026-07-08T08:26:31.123Z,,,,,
itoofaisal41@gmail.com,9906604235,Faisal,JKPSI Telecom,Srinagar,2cnEbsvSUb8B76e,free,,2026-07-09T03:17:17.839Z,,,,,
uthkarshthakur95491@gmail.com,916006844170,Novjot Singh,JKPSI Telecom,Jammu,sha256$d5d3c2a8-8806-486e-875b-bd5fbe0017fd$92591047e670c0fa1bdbc31a1e80add984f095c564e1ad1fc9ae101c7407f0dc,free,,2026-07-09T05:08:47.032Z,,,,,
loneumar166@gmail.com,6006266870,Umer Nisar,JKPSI Telecom,Shopian,sha256$85054ddf-ad07-44a8-b3cd-c044ab69a80f$07709e750743a8bd275afddda2bb4c3f23360ba8ef9d4b13eb510b7f2fbdd7ae,free,,2026-07-09T05:13:37.346Z,,,,,
ttejramsushma@gmail.com,916006470831,Vishali bharti,JKPSI Telecom,Samba,sha256$bb6d9cbd-ee33-4f33-82c7-39429e5a90e7$b0fac646eed10517758a4d344507fc11a1c41a3075a9d6691e87447ab3dffa77,premium,jkpsi-telecom,2026-07-09T05:16:24.759Z,,,,,
vishaldotcom55@gmail.com,9103376601,Max05,JKPSI Telecom,Jammu,Vk@12345,premium,jkpsi-telecom,2026-07-09T05:16:33.323Z,,,,,
aqibmughal007@gmail.com,6005775962,Aqib Mughal,JKPSI Telecom,Jammu,qaxpy3-xectok-Kuvkas,premium,jkpsi-telecom,2026-07-09T05:37:26.872Z,,,,,
alaieasger@gmail.com,917889491065,Si TELECOM,JKPSI Telecom,Kulgam,sha256$6f7624ba-de94-4f47-aa0f-11175f1ee5e5$fd494f589cabcdb3e62b9eebe287949784d05c38aa46964e38d512e6470033c9,free,,2026-07-09T12:06:48.387Z,,,,,
rbtheone951@gmail.com,9469721151,Rithik Barsal,JKPSI Telecom,Jammu,sha256$02863b5d-09a7-413d-a69b-86000260b590$70b95f03ccc09930d08424e76d3ce2fdcef37c0dcee4476b8fa50e8106156b0d,free,,2026-07-10T10:57:40.620Z,,,,,
furkandar099@gmail.com,,Furkan farooq,JKPSI Telecom,,furkan@#123,free,,2026-07-10T19:08:08.171Z,,,,,
arjunsingh.dev10@gmail.com,,User01,JKPSI Telecom,,arusuku,free,,2026-07-11T07:57:09.471Z,,,,,
mirwasim.h@gmail.com,919682115774,wasim hassan,JKPSI Telecom,baramulla,sha256$bfdc851c-2d6d-40b4-bccf-baf24340a154$8165611a9ec262e26d1ae3fff9c306fc0678abfb9f2176cf9cc26c9e71907662,premium,jkpsi-telecom,2026-07-12T08:10:26.746Z,,,,,
majidnazir1200@gmail.com,7006164424,MAJID NAZIR,JKPSI Telecom,Anantnag,AHanger12@#,free,,2026-07-12T14:11:23.899Z,,,,,
aashusharma375@gmail.com,,Ashutosh Sharma,JKPSI Telecom,,Ashutosh123@,free,,2026-07-12T16:11:31.172Z,,,,,
bhismabh699@gmail.com,546484854948888885,Aamir,JKSSB FAA,Udhampur,sha256$793f44f3-ac92-4aa3-8f82-943b755f2c87$004a9fe2bc48c82b37ca8b017d2d0624ac867846fce0c4939391a76c5d67afe3,free,,2026-07-13T15:42:53.951Z,,,,,
maliktawseef512@gmail.com,9149785452,Malik,JKPSI Telecom,Srinagar,Ansar@122,premium,jkpsi-telecom,2026-07-14T03:59:33.094Z,,,,,
rayees820@gmail.com,9599891661,Rayees Ahmad Bhat,JKPSI Telecom,,sha256$6b200e44-6ad2-402c-a0cc-0fee268a4784$2eb0bf42eac1b3f2abebc13582a822f1996c6d8b089f74919b962ff0a058789b,free,,2026-07-14T04:49:08.358Z,,,,,
suhailganaie201819@gmail.com,7006548462,Suhail Ah,JKPSI Telecom,Kupwara,sha256$c13bf255-7721-49fb-9bc2-c6fa0df3f67c$c84f3bcc778a63844d78a633f5220366ace09edc255c2dd3bd8c29f6b6228eec,premium,jkpsi-telecom,2026-07-14T05:44:18.015Z,,,,,
aabidyousuf270@gmail.com,919682194088,Abid Yousuf,JKPSI Telecom,Baramulla,sha256$30f240f8-9001-4c56-9a7b-ca4c1ec75af1$b31b939a7cd99853ae23f475f17f796647511ff154810ca831544d56e251e203,free,,2026-07-14T10:21:04.836Z,,,,,
yawarmanzoor47@gmail.com,6006515259,Yawar Manzoor,JKPSI Telecom,Anantnag,sha256$b0a89875-cea7-4e83-b75d-4e7dc19384dd$a7f7dbf72f345732c88a41f1920562d35fc4b20f2e629ed5bf70e911e6addd38,free,,2026-07-16T04:54:36.177Z,,,,,
sandeeps46173@gmail.com,9103160531,Mahajan,JKSSB FAA,Kishtwar,sha256$b0fa8a85-8737-4702-bfb4-9f2da3434c48$2624a62cba52e97b89f165e94365319d5b63d3885ae3d78e2fb24d71c82a3be5,free,,2026-07-16T15:45:40.673Z,,,,,
gfsfyoebjiijgigjch@onldm.net,1234567890,MK,JKSSB FAA,sdfsd,sha256$dc0476f2-9f45-4af6-9e6f-af86c81a07ef$65c40fc2e7746d74ac8a11d529514015f7aa7547fc119ca516527a5aa1142d68,free,,2026-07-17T05:17:58.902Z,,,,,
dannu7051@gmail.com,7851828865,Danish,JKPSI Telecom,Kupwara,sha256$12b50790-4e16-4f6e-97dd-6d55871497fb$fc8dbe216ede2f011f1cb4af22df125dfe4613b2afb39b3173a0c92429988a12,free,,2026-07-17T06:07:45.263Z,,,,,
jalidashraf75@gmail.com,917006604089,Jalid Ashraf Magray,JKPSI Telecom,Ganderbal,sha256$a4693e85-044b-4302-a9c6-4d0b0def1c27$fe7080254454213ddde115da6b60e59015d6be9f467ba5bbe301ad1f3f436cfc,free,,2026-07-18T06:35:47.096Z,,,,,
ahmedkhangujj@gmail.com,9149649765,Ahmed A,JKSSB FAA,Jmu,sha256$108b6fa7-d236-4db2-994e-61a69004e134$d5b00a8ed57686a5fccc025a9a47538a860182c5e7d539eb8b5e02caeaac42e7,free,,2026-07-18T16:34:42.633Z,,,,,
ahmedbalimuneeb@gmail.com,,Muneeb,JKPSI Telecom,,sha256$a47a56ec-2c5d-4b8f-a019-852dbcec7ab3$c0b392e3254015c7683dc657d16b1ec077e28911106564df3741a7189e40f4d4,free,,2026-07-19T06:42:22.479Z,,,,,
shmehv@gmail.com,,Mv,JKPSI Telecom,,sha256$3ba84a07-ec93-4f32-959c-09a8d2dacd67$28d2190b1d1ae5675c7d2d95d7e1ec8ebcb2e0fd0138b205634dea3408a4bc74,free,,2026-07-20T10:20:11.609Z,,,,,
muzamilsyedmuzamil0@gmail.com,6006522717,Murtaza Mehraj,JKPSI Telecom,Shopian,sha256$bf18d910-621b-4608-8cf3-cc875fe715ac$fdc828eb851b577153154e5c496301d3eefc907ce7a16e5df1644441553e82da,free,,2026-07-20T12:51:13.351Z,,,,,
sohailkakroo@gmail.com,8494059434,Sohail gull,JKPSI Telecom,Baramulla,sha256$d66020f2-c9bd-4e20-915e-f63a5726c966$0539ea7a7d5cb96ac2744cea648f57b285a2049842f3843e78a49cac99683bf0,premium,jkpsi-telecom,2026-07-22T11:09:16.842Z,,,,,
zubairhassanmeh@gmail.com,916006347892,Zubair,JKPSI Telecom,Budgam,sha256$14ffe095-3276-405e-9206-996d10be3a73$6f45ef4826e7ac78e8f1b9b05504315a5aa04a75cf35f104f50fa745894ef405,free,,2026-07-25T10:21:49.660Z,,,,,
kashifali01032003@gmail.com,6005037842,Rohit,JKPSI Executive,Udhampur,sha256$2d36597f-f772-47a9-a53f-cd8db6e7288d$3ee54f333f2a8020eec6dbd682b5735c5a9ece69990a49e872569360a571f768,free,,2026-07-25T20:52:29.661Z,,,,,
vishalbhat44@gmail.com,7889947796,vishal bhat,JKPSI Telecom,,sha256$e6ec5413-169e-418a-b34a-66cdfb89f095$bf3af8fca9fabf78b4eeebe10c3889c23be5e7bd81a1204f8bc3574fc1dd813b,premium,jkpsi-telecom,2026-07-26T06:40:13.318Z,,,,,
nitishsharma18200211@gmail.com,6006603427,Nitish sharma,JKPSI Telecom,Samba,sha256$db9088be-2b94-4a73-bb54-d086c1beb188$d801d23994025811c6f4b647c9c850c0fd9723ce5ea2ec15a2d4083b688ecb6e,free,,2026-07-27T06:05:00.739Z,,,,,
saleemaltaf552@gmail.com,7006283356,Sam,JKPSI Telecom,Srinager,sha256$9ba49737-d550-42a1-a094-bb6bc6ae1766$58f49c48711366c9129febcd85c18c84e007ee43b6f7d16d93ad982c344e6511,free,,2026-07-31T07:23:48.050Z,,,,,
iqbalmaqbool33@gmail.com,9149465812,Iqbal,JKPSI Telecom,Kulgam,sha256$a6a468ae-8e4f-4cbb-861f-0485f0f686ea$3481a12d231cb030365e5a097b10bda8ac436677f80b46802e91cd776b103d0d,premium,jkpsi-telecom,2026-08-03T06:49:46.357Z,,,,,
parassharma6954@gmail.com,8899331972,para,JKPSI Telecom,jammu,sha256$6067be57-a35f-42ec-9b2f-b7a3087570bb$1d9991aeb29bf921e655770827c1b8a113677734a918eac54010541647a09619,premium,jkpsi-telecom,2026-08-03T06:53:43.655Z,,,,,
aqeelnazir450@gmail.com,7889655915,Aqeel Nazir,JKPSI Telecom,Ganderbal,sha256$5cd676a7-d33d-4d08-ba00-a0807d1e3537$e096b725226991fc10653828471f9f97fc070f01a20c4e822d9c014edf08aed6,free,,2026-08-03T10:47:24.560Z,,,,,
amayasharma120@gmail.com,9149779442,Anshika,JKPSI Telecom,Kathua,sha256$3d46e6e3-fd5c-4619-8138-bcfb629226dc$e4ca4458a5d0f2e26c177af386b7eec6cd1f6d89e7c70dd2a360deaaf8734ca2,free,,2026-08-03T11:43:31.760Z,,,,,
sa496625@gmail.com,,Engineer-28,JKPSI Telecom,,sha256$3c9ed502-5dc3-4e92-8094-f268e5519aaa$04c72b5b34d635e9122d11930530847cb1222581953dbdae84df069e3ed968c6,premium,jkpsi-telecom,2026-08-04T03:39:38.133Z,,,,,
yogeshshastri25@gmail.com,9149672833,Yogesh Shastri,JKPSI Telecom,Samba,sha256$48ff2f8c-6f06-4c0b-986b-33302caa0a65$e9de40413d8715fa839ef7e3f1ef34010eea97e24af5c37dc0be87fcd069ea96,free,,2026-08-04T04:08:08.020Z,,,,,
ahsaanahmad2020@gmail.com,916006136191,AHSAAN AHMAD AHANGER,JKPSI Telecom,,sha256$6aeac882-27da-4c9e-b174-2487c4816e40$c2ca133ebbe9cdf8300af44f62cd3f7621bf826ecd43b450dc89ff1a47a666a4,premium,jkpsi-telecom,2026-08-04T04:44:00.979Z,,,,,
sharmaritish19@gmail.com,,Ritish Sharma,JKPSI Telecom,,sha256$d15ae8e6-ed0c-4435-9142-922544c3349f$df184339a55b7003c241beab4b45f5fc3ddfa6c68986858dc40e0252f2d38c99,free,,2026-08-04T08:45:44.097Z,,,,,
shahzareenarather07@gmail.com,7889852566,shahzareen,JKPSI Telecom,kupwara,sha256$81c7f159-0688-4e28-a01c-87afa9472c14$0d5ae9bb3361774fb3a44aa5ce72fe6a96c2e5a4a72104a39b4bd60af12e8885,premium,jkpsi-telecom,2026-08-04T09:38:43.225Z,,,,,
danishdutta786@gmail.com,,Danish Dutta,JKSSB FAA,,sha256$34bb0d4d-17e6-4f62-9699-b277749ba64b$e73340bb6986814656ebab94b239f3609fdc6ae7ea5b928ae1905e93524b9773,free,,2026-08-04T13:29:53.933Z,,,,,
vlk611205@gmail.com,6006584725,Vishal Singh,JKSSB FAA,Kathua,sha256$46e2c532-c7da-4f24-ae50-55b22e94ee39$f3d72de34aca559c3aa94c335110dbadda5e172ae4563490bf0f0527922df972,premium,jkssb-faa,2026-08-04T15:07:30.125Z,,,,,
bilal9596303059@gmail.com,9596303059,Bilal,JKSSB FAA,Baramulla,sha256$32a60c3f-aa52-4969-8e62-b29bd1361651$f6e311fa908ae34c7de27c94e38a74bd09de23e09d63f14ded54f805f1511aff,premium,jkssb-faa,2026-08-05T06:24:05.930Z,,,,,
nishantsharma3281@gmail.com,7051363281,Nishant Sharma,Other,Jammu,sha256$c2557309-45d8-438a-84b0-460fc81637cd$d740ac14fd660191ac0e818db300adf9d48d9511293be2df61c6fed87fe9b1fe,premium,jkssb-faa,2026-08-05T07:50:40.619Z,,,,,
karmabad961@gmail.com,,Sarhil,JKSSB FAA,Jammu,sha256$dd9adff9-1419-4b0a-8020-2eae0ec2e1a1$a112b1362369d1d8849bb573944f1723e70b140088f1471304914952c06c063b,premium,jkssb-faa,2026-08-05T07:51:59.277Z,,,,,
abhishekkhajuria150@gmail.com,9596208548,Abhishek,JKPSI Telecom,jammu,sha256$7f529389-1d06-4de2-ada7-7c92a8ba6146$7667c77c863c8fb3c2554a30e83f732bf75ea41615531ca165af2c98a4c3a286,free,,2026-08-05T08:04:41.434Z,,,,,
pranshibhagat044@gmail.com,,Pranshi bhagat,JKPSI Executive,,sha256$b66fd917-5e3d-42e5-8e4a-171ceb18f629$170170aa7952c313b647cee9b622f7c6ced10e51ae75b73e770f10ad2de1db47,free,,2026-08-05T08:08:17.531Z,,,,,
priyasharmajk123@gmail.com,919682146539,Priya Sharma,JKPSI Telecom,Samba,sha256$4621d6d3-6e23-473d-9d95-5e8a8824001b$6a7d40b52837d612d74fe7841b38284fe02f03c4a61354f33288470679a20239,premium,jkpsi-telecom,2026-08-05T11:35:46.876Z,,,,,
naveenhardy941@gmail.com,8492948248,Naveen Dubey,JKSSB FAA,Kathua,sha256$35bc9262-ce59-48ba-bf5d-3f92b6d0369b$7e22559b02fcc524dcd5fe76972303e6c0a3401c5faef8091f1649a83a39b1b7,free,,2026-08-05T14:39:55.672Z,,,,,
cbanu355@gmail.com,,Golu,JKPSI Telecom,,sha256$a9d22f9e-9088-42e6-835c-f3201f912657$d33766d66dab91f5f9b79a17b34253bb376cd010d1c20099395a8882b3015d6c,free,,2026-08-05T14:58:43.907Z,,,,,
behrhehe@gmail.com,656565658592,Mshsshhw,JKPSI Telecom,Shhsbs,sha256$7d6fdb23-2d5d-4bff-945c-2984147ba094$0c919f6a412071b694f534d67fb31ce50f71492b0e1de0cac22304c36b10db23,free,,2026-08-06T06:59:21.717Z,,,,,
muskan000027@gmail.com,919103147748,Sana,JKSSB FAA,Jammu,sha256$8d2a82c3-4266-459e-9de1-18c2238653e8$173f1ca47a9a471c827d6420ad69bdd20ecd8197537bf90b18feb19248d6cb57,free,,2026-08-06T07:23:54.203Z,,,,,
bazeelabhat123@gmail.com,7889594127,Bazeela Bhat,JKSSB FAA,Pulwama,sha256$a740e622-a620-4f85-9b80-c65f43237477$c0b2c103ae9984ca30af96ebed7eb06d1db723dafb2f7e9c364c5803043215b4,premium,jkssb-faa,2026-08-06T08:35:28.096Z,,,,,
rizwanghafoori022@gmail.com,,Mohd Rizwan Ghafoori,JKPSI Telecom,,sha256$94943cea-f39a-44a0-a9c4-f1e4014bff21$398f9050a63f61adf26a34b492c244d30d24c59145d3e508818d9135689d2864,free,,2026-08-06T09:46:50.004Z,,,,,
rainaishtayaq299@gmail.com,9797810341,Raina Ishtayaq,Other,Srinagar,sha256$9ae0b54d-a047-4af2-91f2-a8673df45848$0e973195789bd867e1592383076e6471c0aca15ca5a4e4f2d465c3386dfab765,premium,jkssb-faa,2026-08-06T15:54:52.182Z,,,,,
avinash.charak434@gmail.com,,Avinash charak,JKSSB FAA,,sha256$e2e28681-2d15-4e74-808b-28f5b9dfb378$678ef4756b80b365bec60f85b936c4b782bc688701f71579f14008eb4b62aaf4,free,,2026-08-07T03:16:14.021Z,,,,,
mehrajahmadrather@gmail.com,6005884342,Mehraj Ahmad Rather,JKPSI Telecom,Kulgam,sha256$cb60b5d9-725d-42ca-b0ca-4a6ea1620493$dc50d5e4956ebd8978fcf426a4f179d3463bd3f101835647ce36ed2cc3fb9979,free,,2026-08-07T06:24:05.270Z,,,,,
nikhilsharma12a15@gmail.com,7889312762,siuuu,JKPSI Telecom,Jammu,sha256$6e1277b7-bbaa-4812-b643-2ac4ad55c921$4fbc9c0e0ee15b886f0e41cae40a12a5e8b44d09128be287d5c211dbca1b8d9d,free,,2026-08-07T14:50:39.005Z,,,,,
martial8055@gmail.com,,Sanil Gupta,JKPSI Telecom,,sha256$473aadbb-6e26-48dc-9566-2886cd2642c0$667a2177f3ccd56258837303e803bfb65bac748cf50f19fea3c5dff3dea4ce76,free,,2026-08-08T03:50:50.478Z,,,,,
abidwali14@gmail.com,918825034729,LUXI,JKPSI Telecom,ANANTNAG,sha256$32d63410-5ade-4abe-94e6-c282fabc4af2$f7a119c7e2fb7555a08b05cc220562c85716e536093ffe9333d40882ebb28046,free,,2026-08-08T04:18:28.843Z,,,,,
gameoverindian@gmail.com,7006524991,Shoaib,JKSSB FAA,Doda,sha256$c04fe050-f433-46da-be50-50584a000c6e$0aa1ac6956795b01af9405b2596d636c04b9c74ec0f495f1bbf6c7b9cf5a7bb2,premium,jkssb-faa,2026-08-08T05:28:58.944Z,,,,,
shahidkkhan535@gmail.com,919149529699,Sam,JKPSI Telecom,Ang,sha256$6501e335-d5ba-4d96-bad6-2646c3b8c074$d9be3c519797654de9a19f0bc0838dc019bffbaf8ee49acab39c40ec6086676f,premium,jkpsi-telecom,2026-08-08T10:20:48.966Z,,,,,
syedataulhaseeb@gmail.com,9682568067,Syed haseeb,JKPSI Telecom,Kulgam,sha256$075d9409-0561-4671-87c8-abe5a9274039$69507616d6cfcda029afc72e0622aa81c4d3b00ceb88d943e8c28d8ef5be27d9,free,,2026-08-08T10:56:58.206Z,,,,,
zahidmajeed0151@gmail.com,,ZAHID MAJEED MALIK,JKPSI Telecom,,sha256$685133ab-3e46-4fbf-9bac-57b05e190ab7$e58e6de8814b1e6c464d0c2cae2e655a87ab4b0915063905e782bc8660f05294,free,,2026-08-09T03:01:42.940Z,,,,,
sabashabir845@gmail.com,6005681508,Saba shabir,Other,Rajouri,sha256$1a9bb71d-c91a-4a0a-bc23-3b3f0e221fe2$ec242faf00129cd781f9dc5821129c5e095a9ca73321456d05bb2134c7046223,free,,2026-08-09T14:51:33.158Z,,,,,
mirnalanijamwal@gmail.com,9103153985,Mirnalani Jamwal,JKSSB FAA,Jammu,sha256$4dce7c85-cabd-4a15-a9f9-62a0361aed2d$ecc83632698c1f3f0c29b4613fdf8dfb12628847ac76db487d61f87b7eb7c76b,free,,2026-08-09T15:27:31.773Z,,,,,
faizanabhatt@gmail.com,7051866042,Faizana Mushtaq,JKSSB FAA,Poonch,sha256$3291c6ba-7865-4206-b1ff-ebd5caddeeac$1c77c972bd37982ebf7d65c6f98e36af6045122cbbed21dcc1d6a95569d3b699,premium,jkssb-faa,2026-08-09T17:38:08.420Z,,,,,
dayimzaffar97@gmail.com,917780890379,Dayim Zaffar,JKSSB FAA,Anantnag,sha256$1ce11221-c0eb-4055-92ef-d7bc1aea4696$1985c1ce4dd86d06f1fff196dfa83f38f332f90fd585de31a91cdd668b400738,free,,2026-08-10T06:44:31.034Z,,,,,
gazanfarfayaz3@gmail.com,8825088081,GAZANFAR FAYAZ PADDER,JKPSI Telecom,Anantnag,sha256$bcb6aec6-bbe5-4266-bfde-88d329d912b8$bc252cd83c08b812c9a903e748df08e3d5d82a27bb33a61fd696aa87cf0c6c31,free,,2026-08-10T10:01:11.608Z,,,,,
sehdevamit99@gmail.com,,Sehdev Boy,JKSSB FAA,jammu,sha256$355da7b9-e197-4196-a85b-9c3c783115f2$00ad696e2bbd25b14fcf4f184ab75117fe5ab7e3a6fca3a7df5af272eaf7d639,free,,2026-08-10T10:14:56.276Z,,,,,
koonai32@gmail.com,9682566435,IMRAN AHMAD NAIKOO,JKPSI Telecom,Anantnag,sha256$043a5ac6-dc35-4753-bccc-fd0845cffbf8$f5dc7b0905e8006b35ba90849d841912ce4d54dd1fe8731437ce38bc999ee04f,free,,2026-08-11T05:15:40.966Z,,,,,
haamidmushtaq88@gmail.com,,Haamid Mushtaq,JKPSI Telecom,,sha256$024e528f-6ca7-4819-b68a-fb9da91a28c8$221a66a7df200275c0f471b57f4d5b4ca03334b41828e16ec6b6384aa413c6e8,premium,jkpsi-telecom,2026-08-11T06:05:39.538Z,,,,,
ishratyaqoobiy@gmail.com,7889668982,Ishrat,JKPSI Telecom,Baramulla,sha256$182c6cfb-0e0a-4e04-8a9f-ce4c0b45e9c1$e2c9d963631f02cf65643ce2a780985edc1158b04d84fb8e9be00d36bfe3cf67,free,,2026-08-11T06:23:52.151Z,,,,,
rehanharker2020@gmail.com,6006863089,Rehan khan,JKPSI Telecom,Anantnag,sha256$d4102020-536a-41c9-ba3d-a7829a74ba36$925f7d61ded4c1f0b13da8cf802b8236a912a5ff23437c2ad810a7102357ad64,free,,2026-08-11T06:32:21.159Z,,,,,
adityasharma91104@gmail.com,916005739383,Aditya Sharma,JKPSI Telecom,jammu,sha256$b10c6ce9-dbde-42a5-990b-edc557c4c634$c75ea3e99dedf4764ea406cf447573552ae6ebdf2600f4be0cd1532df7a298de,free,,2026-08-11T08:48:26.076Z,,,,,
sadotrasushant@gmail.com,6005747629,Sushant sadotra,JKPSI Telecom,Samba,sha256$92d44160-19a0-49a5-984d-92ebb894dd37$adb36450a2ee290c968278d2f4a9269e0782a12c98ffa7a56f04c83311ad82e6,free,,2026-08-12T08:09:42.140Z,,,,,
bhattibassam425@gmail.com,9149698305,Bassam Majid,JKPSI Telecom,rajouri,sha256$53b684fa-d4e0-4b56-b7fc-2725e6515d4a$745227a8f64902bada8f989cf24190c1b63c5e173d7eec47b00f4c1fdeeee2c8,premium,"jkpsi-telecom,jkssb-faa",2026-08-12T09:59:23.706Z,,,,,
wajahat.23eez0005@iitrpr.ac.in,7889366614,Neymar,JKPSI Telecom,Pulwama,sha256$e879fe17-36a1-4bc2-bbd7-073fe3f0bcf3$3fa52c4aad94fae8b876ba8aa4ff4776de12f386e2d720466edd2067d7f91bc3,free,,2026-08-13T09:18:55.116Z,,,,,
2024eem1008@iitrpr.ac.in,9149529699,Shahid Rehman Sheikh,JKPSI Telecom,Ang,sha256$e1cff13a-a45c-4e84-ae29-db58a96b7acb$c8bca345f6499785116a2d31e9aae9ddc98fef9a66e0370725a659fb6891139f,free,,2026-08-14T14:41:06.399Z,,,,,
mirauqif16@gmail.com,9086786715,Auqif,JKPSI Telecom,,sha256$a2efd6ec-8cf2-48aa-b2ff-28f72027acb1$df0710bae1970aff18ae77cdfacab59cb2122eac287a45bd6a09de2f024eb030,free,,2026-08-15T03:41:32.622Z,,,,,
rishabkumar96221@gmail.com,7006548912,Riii,JKSSB FAA,Jammu,sha256$be98e0ac-8fba-4203-b17d-7eacaa481f4a$1aa5290e23415c76d0763b70c14c7d7b9951be948a653cb4240094799281758c,premium,jkssb-faa,2026-08-15T11:27:21.129Z,,,,,
suhailwani0377@gmail.com,9149978377,Junaid,JKPSI Telecom,Kulgam,sha256$c898e565-640f-4666-ad57-0efa0d724183$cb64d825d7c9da647573c43e321d2c107eb66f72a1170bfbc347a7c9ee8be174,free,,2026-08-15T15:21:06.401Z,,,,,
lokisandes123@gmail.com,9906706070,Saqib Nazir,JKPSI Telecom,Kulgam,sha256$b1361f1d-1536-456e-949e-1f50eca95d26$2572856349869f3fa546d3a87bb1c8aa4c5c4f41e8fefbdab3ed2bd631b4d4ca,free,,2026-08-16T10:57:18.725Z,,,,,
mehrajlone273@gmail.com,9906834179,Mehraj Lone,JKSSB FAA,Kupwara,sha256$666a09a3-aa20-4db1-8fa0-234590369bf9$20aedc8990ef274cfaf038530e0cc1f9d32bdaa4df11bfd824321d79f7e8e0c9,free,,2026-08-16T11:00:48.370Z,,,,,
aneesaghani98@gmail.com,7006465243,Aneesa Ghani,JKSSB FAA,Poonch,sha256$1d4d119e-60ef-4bdf-babe-6b8527cebea2$6c55e0d2f746580d1ad590836e4084c20746e13f12c0359fc9ad647046073cfc,free,,2026-08-16T11:48:00.964Z,,,,,
arvinderthakur232@gmail.com,7889707185,Arvinder Singh Bali,JKPSI Telecom,Ramban,sha256$51717ef2-4614-4759-b32b-414e8c70e1aa$ab821542bb324f9d71067444d5b05c664f4d0432378a52322f8091fd157b86a7,free,,2026-08-16T12:27:11.568Z,,,,,
sahilashraf045@gmail.com,9906998339,BECE045 Sahil Ashraf,JKPSI Telecom,Shopian,sha256$2eec6c6c-e034-40a3-ba5c-92eb830fdd38$c2448b5e7ad8a31206bf511a25dff3684ef61360217f7e4f74d775a3642830b3,free,,2026-08-16T13:52:14.733Z,,,,,
bardbirds@gmail.com,7889584709,Zuuees,JKPSI Telecom,Jammu,sha256$478d5529-7c2e-4cb9-8dc1-38b5dfae26a7$35b58d24aa72e0f95ebcee12d0a8338051a1f701e02ce5d93d21e82a001ea7cc,premium,jkpsi-telecom,2026-08-17T05:22:15.551Z,,,,,
einnuaaqib3@gmail.com,7780860761,Akif Bashir,JKPSI Telecom,Anantnag,sha256$72d8a913-25f9-42f3-9024-a9045ea60f74$0285835330033a984ecebec5792f2ffc1d8ed56565eb9ca0f914ae8091fbb30b,free,,2026-08-18T05:31:50.147Z,,,,,
samitshowkat@gmail.com,,samit showkat dar,JKPSI Telecom,,sha256$df64c318-ef00-4ac4-a75b-50c4595ad800$ab849ae13c235fd0542375db9dd283170cd2f0645fc666815f7ec8f807bd7957,premium,jkpsi-telecom,2026-08-18T07:20:53.666Z,,,,,
humirajan09@gmail.com,7006829969,Humira Jan,JKSSB FAA,Kulgam,sha256$fed0a406-5009-47fe-9403-9e6553ea4ef2$fad0dadb0bb90d1877da7ab84db95e36b874dfe45f8d7d12cac5133d6686e5ad,free,,2026-08-19T06:02:47.100Z,,,,,
anoopkanoopkumar166@gmail.com,,Anoop kumar,JKSSB FAA,,sha256$b61ea82e-bf98-4e48-860c-51df45259890$0deaa83a692d63bebba125fd8252e58ebe21ba897f8bd8bd4860745e3fbb8e09,free,,2026-08-19T08:20:17.711Z,,,,,
rainaakash1811@gmail.com,7889796052,Akash Raina,JKPSI Telecom,Jammu,sha256$30dbe085-76e6-44af-bab2-07d4426701f8$2662d40d6a2e8c68ed9bf73464ef179588e4fd18200300847bfdf30f768e07e5,premium,jkpsi-telecom,2026-08-20T16:21:27.133Z,,,,,
swermajidfarooq@gmail.com,6005519491`,Majid Farooq,JKPSI Telecom,Budgam,sha256$b6a57f43-3804-4ed3-a4ee-9c3170eeb740$b2f679d19e2d328782796c0aae8445b899a5dbb858d422938e2500890b3d6c5a,premium,jkpsi-telecom,2026-08-21T04:18:52.329Z,,,,,
laiqariyaz100@gmail.com,919149692525,laiqa jan,JKPSI Telecom,budgam,sha256$00fcd55f-f530-406f-b83a-d71b741794b6$ded443f529a7418920e3158edf57701ae8eafb8e42c1a9e680d20a4c81b1ab24,free,,2026-08-21T04:28:35.732Z,,,,,
vikaysharmargr@gmail.com,7051166436,Vijay sharma,JKSSB FAA,Udhampur,sha256$09df8345-4720-429f-91e4-bca128233ba9$1519f42d35f83a555c2748f5c6e45eb264511389cdf037293e7fa8bc5e08f8d7,free,,2026-08-22T08:31:54.250Z,,,,,
irfanpir14@gmail.com,9622426411,irfan amin,JKPSI Telecom,kupwara,sha256$c22f0314-d3d4-4290-b853-324a32466640$1913741535495c33212fd8fb71e386d7ebfa8a58bd2ff535fbfa025c6358afb7,premium,jkpsi-telecom,2026-08-23T11:57:37.683Z,,,,,
shahkarbashir12@gmail.com,917006598005,Shahkar Bashir,JKPSI Telecom,Pulwama,sha256$0c150046-ef81-48d0-92ff-4a28793685c2$d99a65443edc7387113611c06f80572fbf063b437fdc7f84c308e92bbe07d7f4,free,,2026-08-23T16:06:37.484Z,,,,,
pankajsharma160703@gmail.com,8082693202,pankaj sharma,JKPSI Telecom,,sha256$40226c20-6eb1-48c7-a090-7da8817aebdd$37d20b9cd547bc035a3e56fa5f04eb4335e154a9ee85f76aa82c31bc061db353,premium,jkpsi-telecom,2026-08-23T20:00:01.095Z,,,,,
majidhussain9423@gmail.com,6006641271,Majid,JKPSI Telecom,Bandipora,sha256$c34048ff-b5f5-4f10-9fcb-81a4fb766422$0942d42d8f4f543090dcff31a34fa76c28bc903f660d951e4835ff6e98cf33c5,free,,2026-08-24T04:13:00.392Z,,,,,
yuvibadal@gmail.com,,King,JKPSI Telecom,,sha256$be8bca92-fcc3-464e-8cab-4898828bf85a$98bac56e62b711f0a226d332c5ef1eb13d3d57ab7209ecb1f9b43bc1c4a2388c,free,,2026-08-24T04:20:16.877Z,,,,,
kotwalpankaj27@gmail.com,7006457644,Pankaj Kotwal,JKSSB FAA,Jammu,sha256$030dbcf4-2a69-4d18-a833-a702d493c82e$6f06d3d117323cfffd10a29e184db93c13ac51bc2c9c7337af15091a25359139,premium,jkssb-faa,2026-08-24T04:20:35.034Z,,,,,
sahilkumar199819@gmail.com,917051211193,Sahil kumar Dabotra,JKPSI Telecom,Jammu,sha256$066f9839-5912-4597-8b68-ebc3ce83bf1d$23ffe8c955062e07c4ed4b6779832f5880cd9586845673a8c737144c2a2801db,premium,jkpsi-telecom,2026-08-24T04:22:02.710Z,,,,,
aakifrasool6@gmail.com,919541291541,Mir Aatif,JKPSI Telecom,Anantnag,sha256$ce16eafe-0eb0-4a56-a921-db243c09ac25$32332058b4de866b8247b68ec56a7dde1fc0d59c65486bf74a9ff9ed445c2c34,free,,2026-08-26T03:54:01.741Z,,,,,
sareerwani978@gmail.com,7006582317,Sareer Wani,JKPSI Telecom,SHOPIAN,sha256$ea45ab02-de21-4669-9397-cdbc935f926f$f08625c30211e93f338c0044da8793c0cb7116ed240962e1e404d405c45589f5,premium,jkpsi-telecom,2026-08-26T03:56:00.841Z,,,,,
aqeelnazir32@gmail.com,7889655915,Aqeel Nazir,JKPSI Telecom,Ganderbal,sha256$4603dece-6a5f-4fbf-83e2-f132ed4230af$3017bb36ef645cd95a6c94947a4467e325ef38e0ac6b3cc10216bf886918f9b1,free,,2026-08-26T06:40:59.339Z,,,,,
hardikaryan100@gmail.com,919682156600,Hardik,JKSSB FAA,Doda,sha256$fe84290e-d683-400b-a052-347e48c31aa9$fff0046514be0a2e11b931293b5d6b4e471f633e12d5ad0b022e38b487e86dbc,free,,2026-08-26T07:38:13.065Z,,,,,
aanishkumarfencer999@gmail.com,9622318054,Aanish,JKPSI Telecom,Jammu,sha256$50bb1dcb-e290-4164-bdad-d391b84beb40$f8446e86a62ae99a5ff856941f305e4feba6697022a0973f1000662e327bec9e,premium,jkpsi-telecom,2026-08-26T08:37:57.766Z,,,,,
humairajan408@gmail.com,,Humaira Jan,JKSSB FAA,,sha256$efe325f9-4c46-47ee-ae02-4a462e36daf9$984e27395cde07e7a21fbb2a45f514d8576562b0d133fed756fd05e299faa96c,free,,2026-08-26T09:15:03.081Z,,,,,
citytelecom147@gmail.com,9797881658,Zahid Ahmad Bhat,JKSSB FAA,Ang,sha256$2d35855c-7a9a-4cf4-8935-1604dfb959b1$a50467908e69d687a2b156b2957f38823cfa5fbfbd192c8986f1482ad78e59db,free,,2026-08-26T11:11:22.671Z,,,,,
quratualainshahh@gmail.com,6006917847,Qurat Ualain,JKSSB FAA,kupwara,sha256$25030992-acad-408f-aa0a-81568c6b7d85$f68dc4d704b7ea1d49f0364a5fa02ebee8209ac771a96364456143a2f9af79ab,free,,2026-08-26T19:14:57.909Z,,,,,
khalidiqbal26@gmail.com,9906606299,Khalid iqbal,JKPSI Telecom,Kupwara,sha256$e9b7b2dd-b75a-461e-b0b3-6cb2e391de91$cfd1ea23e2d2539c4e3bb664737a8ea729425f648e8ad3b687cd84e9d61237f8,premium,jkpsi-telecom,2026-08-27T15:39:13.443Z,,,,,
mirtoyieb999@gmail.com,9596312405,TbN,JKPSI Telecom,Baramulla,sha256$e95b860d-64f7-4d84-a1f2-70ede1eb4469$c2228214aebb4326c4f5fa0db9fcbd600008b7ab7a4be5b730eda69e93a05a4a,free,,2026-08-29T04:09:25.546Z,,,,,
raasshhii1122@gmail.com,7006064763,Rashi,Other,Jammu,sha256$d311c26b-0381-44ba-8b90-b2400e357b4d$004510ad3666e7d50644322774012bd33fde0bfbbc19e09ea813379debea7b9b,free,,2026-08-30T05:30:14.061Z,,,,,
manhor458@gmail.com,919622869196,Manhor Thakur,JKSSB FAA,Kathua,sha256$f16c84e8-88a3-4239-90fd-a4e6232ad32e$d8b36d6b7ad2ef3623bfb78e440018a11686904d34c8c67609de8c5fd16fbb3e,premium,jkssb-faa,2026-08-31T03:19:32.113Z,,,,,
owaistohe@gmail.com,8494034423,owais tohed,JKPSI Telecom,poonch,sha256$b6f8a994-ea3b-463e-9f6f-a87cc52c7e2d$a2f649710a189f37a451b6a855f47d96fbbf2c2c5f5a20c5c08906f288b5b7aa,premium,jkpsi-telecom,2026-08-31T05:26:33.233Z,,,,,
summiamaqsood1@gmail.com,919622749855,Sumia Maqsood,JKPSI Telecom,,sha256$16d32d3f-c473-4062-83d0-a93bdca255dc$1a444c00b0957beba4359fca097d8e5e125ce257a3b4a89f3d74ab0ec4348f9a,free,,2026-08-31T08:45:43.554Z,,,,,
meeridrees22@gmail.com,917889491401,Mohammad idrees mir,JKSSB FAA,Kupwara,sha256$3ddb53cc-738b-4a9d-96bf-e2d1b997e5ce$23375061b914be43de37fec6458892476cdf1be53a74845f1283dc76901046f8,premium,jkssb-faa,2026-08-31T09:27:09.492Z,,,,,
poojaaroraa246@gmail.com,8716831163,Pooja arora,JKSSB FAA,Jammu,sha256$e04f1c8c-a351-49bf-acf1-c68c44d50c23$955dd1dea76d3f622ca577ff80a1ca675bab7568e6e45c2d21e0ccd73a7fa49e,free,,2026-08-31T09:43:32.624Z,,,,,
muntaxirbhat5@gmail.com,917780927988,Muntazir,JKSSB FAA,Anantnag,sha256$6684814b-d4ac-43b9-a69e-ded51a61e23c$e1000ef37ee95b373f66ed5212c1a385cf08fe750350ecb6a1e53fae8f0652ef,free,,2026-08-31T10:00:22.366Z,,,,,
aditya96221@gmail.com,919622100198,Aditya Sharma,JKPSI Telecom,Jammu,sha256$6d5b1294-0b9c-4ae1-bc9f-cec5a38f5dcc$72cf580e3f6cd08a36f67e1bff8fcb398113c36760c977edfc64633d459e34d3,premium,jkpsi-telecom,2026-09-01T13:39:53.333Z,,,,,
shahidfrq284@gmail.com,9682343912,Shahid Farooq,JKSSB FAA,Srinagar,sha256$a5538227-0d56-4abb-ae50-9f17cbe55889$bfea428423b56e2ccb5f66beecfc68cf10d9e55226a44f349ba875e420718e46,free,,2026-09-01T13:58:45.244Z,,,,,
ktsgaming612@gmail.com,9682654173,Aspirant,JKSSB FAA,,sha256$4dc2e071-3e04-4940-88d8-497b8bbdec26$4dc814d572dd82a0d89040dd25b0057ed04e22d2b19d4a4433c4d685ff0a8e1e,free,,2026-09-02T06:03:54.340Z,,,,,
janvi3189@gmail.com,9682338912,Janvi Gupta,JKSSB FAA,Jammu,sha256$707b91de-567d-4167-8203-ceeb1d0de84e$7b3a5110f46f8b5c3fb6c03ba38850e7500dad3913744b52a4e6d7d1ca064ca4,free,,2026-09-02T23:35:59.852Z,,,,,
redchief8085@gmail.com,7006058882,Zamin baba,JKSSB FAA,Srinagar,sha256$9b23908a-9b6b-461f-ace9-7174a2f407a7$47ffc4932c912bd6c9a84f27ad8f6d3cb914408f2c6883617f83ee5ecaeb837b,premium,jkssb-faa,2026-09-03T10:24:31.941Z,,,,,
maazulhaq76@gmail.com,7006717827,mmm,JKPSI Telecom,srinagar,sha256$b03806b8-7196-49e5-851b-7d1f1a2733ee$8c8002e8c683b223135d6f847d2dc5ca4f50128c9ba06b5a8bef85f04e823c8c,premium,jkpsi-telecom,2026-09-04T18:37:25.927Z,,,,,
wellwisher07779@gmail.com,9906998339,Sahil Ashraf,JKPSI Telecom,Shopian,sha256$0093b163-2cf3-4473-b870-39384670069c$cb3e03b169d21d1c210e15a57bb42feaad55b9bbfa9908f59209a6ac9f88e03c,premium,jkpsi-telecom,2026-09-05T04:44:18.817Z,,,,,
aneesa@gmail.com,806089865,Anees,JKSSB FAA,Jammu,sha256$1c33f889-4cdf-4a28-aeb8-8a56f5358bfa$b518438865a6659cf5b3473dff3ba9ea945abd783a438676cfcbbd367b574abe,free,,2026-09-05T06:45:15.839Z,,,,,
sohailteaser3209@gmail.com,917006367580,Sohail Abbas,JKPSI Telecom,Jammu,sha256$489ad005-04f8-4d82-a5d1-44c352dba68a$9e3724e48d669beee5baebd0868a183c4de0596e55e6fc2f3c5c3220f4fc0209,free,,2026-09-05T19:23:01.050Z,,,,,
ajju@gmail.com,8082587622,Ajjju,JKSSB FAA,Srinagar,sha256$9a555bea-4990-4e4e-afc5-394554d8125b$dbcadae53c0417c755b944efdf89f4c395ae55a610430b3db559f77fa40859b5,free,,2026-09-06T04:34:44.753Z,,,,,
copy-punch-jaws@duck.com,,Gazi,,Baramulla,sha256$b240fefa-21ae-4ac3-8468-bb4455aa002e$fd748662d5dc269cce3fed1adcd414a3b0306a31fa7ca075466b1c4cd31c16f2,free,,2026-09-06T06:16:52.896Z,,,,,
darsuhaib0807@gmail.com,,Suhaib,JKPSI Telecom,,sha256$5ef85f7b-b9af-4b30-8572-18e97ab6eb89$e903228eafcb22626533119eebcb3acd58e4ae07877d1bd9ed2d621b1eee441d,free,,2026-09-06T07:48:31.886Z,,,,,
tamanna64135@gmail.com,9149964135,Tamanna Sharma,JKSSB FAA,Jammu,sha256$48303df3-59b0-470b-a814-00647c559c7b$b3cf59c95fdbd1bec2a46d1ff99628e8386b4cc8ec823b033152b771a973e95c,premium,jkssb-faa,2026-09-06T11:49:34.013Z,,,,,
arsalan77e3@gmail.com,9149685465,arsalan,JKPSI Telecom,ganderbal,sha256$0fdc6c0e-b073-408c-9efe-330755bbfa6c$d15ae07f926c7c7b5f71f293b5584c86058c42932c2fc61dc5445725b4cfc797,free,,2026-09-06T14:31:45.858Z,,,,,
mohdsabar026@gmail.com,6006429759,Mohd sabar,JKSSB FAA,Rajouri,sha256$245c5f35-f711-44ee-86a4-dbba03952394$fa13214931212e84197f32e3ff2719f6a0f63d59e19a08d93f2428fdc3727164,free,,2026-09-07T07:34:48.697Z,,,,,
danyalbhat000@gmail.com,,Valar Dohaeris,JKPSI Telecom,,sha256$9903af97-4168-489f-9d03-94c99a4068e3$d4d4b5660f52f6cb6e0f2a2fe3ff4964c0b9caf6f8067dbe24136ab4b4d5dbaf,premium,jkpsi-telecom,2026-09-09T05:45:18.998Z,,,,,
yasirnisar66@gmail.com,6005138587,Yasir,JKPSI Telecom,Kulgam,sha256$aff20dc6-4c98-4cfa-8610-169c3ed9d191$91f90d8b7a3d92926ba5e73103ba047f3f1824fb33f9eaf2dcd5a0442aca235f,premium,jkpsi-telecom,2026-09-09T05:59:42.897Z,,,,,
bhartisakolia@gmail.com,9906100053,Bharti,JKSSB FAA,Jammu,sha256$3e6cb035-afbb-4240-927a-19318c5e2a80$5d7dc4c989303a595c342469a563fe275dcda244f04b36c9e42bec2cbe22ae93,free,,2026-09-09T18:42:33.026Z,,,,,
sure_shan12385@yahoo.com,9349134652,Suresh kumar,JKSSB FAA,Kishtwar,sha256$b8cfd3e2-ac09-4bc2-abce-2764374af2e0$b03c8e1f9016d56837bbd3024578f9d06643ed34b9cd6e7aa492d4126d5e5a31,free,,2026-09-11T02:02:37.881Z,,,,,
eersam786@gmail.com,,Sameer Yousuf Bhat,JKPSI Executive,,sha256$ef921d35-0504-4fcb-b645-329fa215f5e8$ff586d9a95c42ceb068b7311bbafbc51ff8a8f3d4351da3c38302bbd45a402c6,free,,2026-09-12T05:15:23.025Z,,,,,
kafayatshafi@gmail.com,7051567097,Kafayat Ahmad,JKPSI Telecom,,sha256$0bab504d-b226-4f4f-a0ba-7c36df6a1302$ed6d8b673ac420782ef99e6c9b77dd120dabd28b25d9f3a73abcabc2231b8f9a,free,,2026-09-13T15:10:48.105Z,,,,,
rizwanjuloo33@gmail.com,7780883895,Rizwan,JKSSB FAA,Srinagar,sha256$17242afc-6cac-4af5-baef-1680ed030498$492417ef90dc43637c5cb64e653f6a36ca0603c348817d863e1df2c3a5c88298,free,,2026-09-14T09:33:50.064Z,,,,,
mohdmaqbool2525@gmail.com,,Maqsood Ali,Other,,sha256$01b41f03-5754-43a1-b379-7c22ef6cde64$dd3eaf7ab7ac9c5df9c04a30f0312bf17049de9802865fbff2558a0571b0da11,free,,2026-09-15T11:15:07.151Z,,,,,
babluc95@gmail.com,7006023345,Bablu,Other,Jammu,sha256$0b034909-edc2-450a-a195-09db227ad7e7$c320faa0d74b61721c22447e4e5e037a7553948b37db9a505c072fd7207244ab,free,,2026-09-15T13:10:35.331Z,,,,,
manjeetparihar39@gmail.com,9363594356,Manju,JKPSI Telecom,Srinagar,sha256$19538578-2d47-480a-83c4-86c6b50e5fa0$f494ae6d520d2d62709267055ba7e8540df00fe142a4e8c7d1a8ebb220d74674,premium,jkpsi-telecom,2026-09-16T16:24:50.586Z,,,,,
sheikhharoon443@gmail.com,7006074478,Sheikh Haroon Abdullah,JKPSI Telecom,Sgr,sha256$3cf96200-25ca-47c2-99f6-59f2183ea4f4$b9a0c3903f526a9af81789f576e3b1f364e26b407a2bb65b3e15c190c10d31e1,free,,2026-09-16T17:09:33.378Z,,,,,
babermir7@gmail.com,7006459930,Baber latif,JKPSI Telecom,Baramulla,sha256$d4e2bb3a-4a45-40c4-b8b0-5454d2b6e00e$9c7222f601acabf530f964c631af3a9df39ae45bd29794da3476538afc23d76e,free,,2026-09-16T17:22:44.748Z,,,,,
iftkharahmed3477@gmail.com,,Iftkhar Ahmed,JKPSI Telecom,,sha256$624d2cd9-f939-43a9-b4fa-d47934720f41$e2eaa3efef1f8f249041aad133f3ebae2ac8b5fad267be8fca103ee05eece9dd,free,,2026-09-17T06:25:05.433Z,,,,,
jignu290@gmail.com,7006546307,Sheikh Zaif ahmad,JKPSI Telecom,anantnag,sha256$158d71b3-f832-4855-ab08-3195c14565f3$3b723e191e67a3cca0f99c55126bad7a361ba4e6fef6c3d17d5eefa7ac2e5f77,free,,2026-09-18T07:48:16.362Z,,,,,
rajapogli70@gmail.com,6006540635,SINDHU Thakur,JKPSI Telecom,Jammu,sha256$d327d3de-f344-44a0-b686-93695765fd80$6a8023376f40f64f166fa6295fe3feb537e4f5d75bb6fa226f3ee1f8f8693623,premium,jkpsi-telecom,2026-09-18T09:54:03.205Z,,,,,
rajanangural576@gmail.com,916006713788,Rajan Angural,JKPSI Telecom,Samba,sha256$0a8c5d21-5382-4514-8a16-a8f517fe06c5$e296434f8670e4ad09e296340d9f40850f1965dd5b4b93717be6f3e41f3294e5,free,,2026-09-19T10:29:33.077Z,,,,,
junaidahmedganai@gmail.com,9103712526,Junaid Javaid Ganai,JKSSB FAA,Anantnag,sha256$6d0735e8-9092-457a-89cc-26c3f2e1e694$4132710e4a20910be733bebfc8210ceefac17c8414eafcbd3f35e4b9f7de741f,free,,2026-09-20T04:41:45.214Z,,,,,
deepusharmaudha2002@gmail.com,8492981911,Deepu Sharma,JKSSB FAA,Udhampur,sha256$3d51cb9c-d31c-404b-a9d3-6e04057aa73d$c6a38c2a47e86095caf6aa4f9cb9686b69c240c2b247dc1382e22e3408bf0762,free,,2026-09-20T08:45:13.134Z,,,,,
sachintikoo14@gmail.com,9796032850,Sachin,JKPSI Telecom,Jammu,sha256$6c5d1917-622d-419c-8032-e4166fe913e4$1bf53727f593474d2a77765c80e98b77d89f057a4c16c6ef90b7681d947119c6,free,,2026-09-20T10:22:52.042Z,,,,,
kamranmir604@gmail.com,919797430728,kamran rafiq,JKPSI Telecom,Jammu,sha256$671507a8-43b0-4441-b509-6fac3ad0792a$f7deea532d1820d8ab9e03e0f9a79cda90d35f8a8b975a06a00e441a9adcdf8b,free,,2026-09-20T13:00:55.887Z,,,,,
ruqiaahmad06@gmail.com,7889847842,Ruqayya,JKSSB FAA,Kupwara,sha256$ceac884e-c604-4d2d-beb6-179cf15fdf89$9679cd31413044f8f6956e54518b2af3df481572df57aa902293662d7eee1bde,free,,2026-09-20T13:46:55.304Z,,,,,
murtazafazli497@gmail.com,60005954073,Murtaza,JKSSB FAA,Anantang,sha256$9133c456-f5df-4504-b635-5367391054b6$bedaefdc0e213765e0d2ff12e5ee01932699f3c23e16a797d68aac3d1241c771,free,,2026-09-21T02:36:39.765Z,,,,,
karamatalahi143@gmail.com,919149891897,Karamat Alahi,JKPSI Telecom,Poonch,sha256$4c1a7fe0-70a3-42e9-b5fb-32bd0791cf7e$aaaca7cdf90e9f20aa9f8d4dca9be812b6fac727de6cce8df1bee4b84f122f4d,free,,2026-09-21T08:06:41.880Z,,,,,
peerzadafarhat68@gmail.com,,Peerzada Farhat,JKPSI Executive,,sha256$d40e562c-e296-4e5d-a210-7bbf282a6287$70cf0d4b5327ac98330aa9bcb112b88d078d5b94dca75ba0f245d2550d664b46,free,,2026-09-22T06:56:19.512Z,,,,,
rizwanlodhi98@gmail.com,6006391394,Rizwan Lodhi,Other,Jammu,sha256$8f86819e-3ba7-40a3-be49-d0f7a51618c1$a1cc83676566ce96fd1fd29199512c767b3255fdbf37d32943a44739028d84b0,free,,2026-09-22T13:11:39.848Z,,,,,
ruhisaini223@gmail.com,6005184417,Ruhi Saini,JKPSI Telecom,jammu,sha256$99697469-0ef8-4455-accf-e9044e2de525$67c2c7d05e916c09a13f799276f7fd211eaf2d2e9e6ac08e2a2dd342045b8dc3,free,,2026-09-23T07:57:47.834Z,,,,,
mohdhabeeb2021@gmail.com,916005368910,MOHD HABEEB,JKPSI Telecom,Poonch,sha256$df587587-d3cf-4ee5-9a14-29011c909f2c$91cf44829c3d0df566867eaa61d084c4188af55f68a1412d1db55ebbd6a21c60,free,,2026-09-23T08:07:07.109Z,,,,,
yogeetasharma3001@gmail.com,,y,JKPSI Telecom,,sha256$fbb0bcbc-67f2-4d11-b2d0-3faef0e4cfbb$792aa3f7c688e5e9b1fb743bd5cdf9819e93f575e10bf537ca028e1064641d97,free,,2026-09-23T10:50:05.085Z,,,,,
usernamesammy500@gmail.com,9622335751,Muhammad Sammy,JKSSB FAA,Doda,sha256$f59a4f2e-649f-49ac-b1e9-955cd7c76f49$d06be7ce1302d8cbc8c8ed9098b2b5523d8c59a3f3e58c4e4696d3ff38165c6d,free,,2026-09-23T14:12:21.159Z,,,,,